{
  "dailyTasks": [
    {
      "taskId": "task1",
      "name": "Bitcoin Rainbow Chart?",
      "url": "https://example.com/bitcoin-rainbow-chart",
      "points": 350,
      "completed": true,
      "timer": 5
    },
    {
      "taskId": "task2",
      "name": "Token Burning: How & Why?",
      "url": "https://example.com/token-burning",
      "points": 350,
      "completed": true,
      "timer": 5
    },
    {
      "taskId": "task3",
      "name": "Blockchain Scalability Solutions",
      "url": "https://example.com/blockchain-scalability",
      "points": 400,
      "completed": false,
      "timer": 300
    }
  ],
  "socialMediaTasks": [
    {
      "taskId": "task4",
      "name": "Follow our Facebook Page",
      "url": "https://facebook.com/ourpage",
      "points": 200,
      "completed": false,
      "timer": 120
    },
    {
      "taskId": "task5",
      "name": "Retweet our latest post on Twitter",
      "url": "https://twitter.com/ourpage/latest",
      "points": 150,
      "completed": false,
      "timer": 90
    },
    {
      "taskId": "task6",
      "name": "Join our Discord server",
      "url": "https://discord.gg/ourserver",
      "points": 250,
      "completed": false,
      "timer": 180
    }
  ]
}